smallRNA	FC	sequence
mir-4448	-60	GGCTCCTTGGTCTAGGGGTA
mir-221	-57.2549019607843	ACCTGGCATACAATGTAGATTT
mir-27b	-56.8933333333333	AGAGCTTAGCTGATTGGTGAAC
mir-125b-1	-56.8433734939759	ACGGGTTAGGCTCTTGGGAGCT
mir-760	-54	CGGCTCTGGGTCTGTGGGGA
mir-1296	-52	TTAGGGCCCTGGCTCCATCTCC
mir-301a	-49	GCTCTGACTTTATTGCACTACT
mir-365a	-45.6666666666667	AGGGACTTTTGGGGGCAGATGTG
mir-30c-1	-43.8571428571429	CTGGGAGAGGGTTGTTTACTCC
let-7f-1	-43.8378378378378	CTATACAATCTATTGCCTTCCC
mir-4286	-43.7096774193548	ACCCCACTCCTGGTACC
mir-671	-42.9245283018868	TCCGGTTCTCAGGGCTCCACC
mir-26b	-42.8	CCTGTTCTCCATTACTTGGCTC
mir-181a-2	-41.7757009345794	ACCACTGACCGTTGACTGTACC
mir-615	-41.4	GGGGGTCCCCGGTGCTCGGATC
mir-4454	-36.5934065934066	GGATCCGAGTCACGGCACCA
mir-130b	-33.7017543859649	ACTCTTTCCCTGTTGCACTAC
mir-193b	-33.375	CGGGGTTTTGAGGGCGAGATGA
let-7b	-32.4363636363636	CTATACAACCTACTGCCTTCCC
mir-26a-2	-30.6666666666667	CCTATTCTTGATTACTTGTTTC
mir-155	-29	CTCCTACATATTAGCATTAACA
mir-454	-26.8125	ACCCTATCAATATTGTCTCTGC
mir-423	-25.7910576096303	AGCTCGGTCTGAGGCCCCTCAGT
mir-16-2	-25.1428571428571	CCAATATTACTGTGCTGCTTTA
mir-191	-24.8571428571429	GCTGCGCTTGGATTTCGTCCCC
mir-92b	-24.0671729957806	TATTGCACTCGTCCCGGCCTCC
mir-628	-24	ATGCTGACATATTTACTAGAGG
mir-424	-23.88	CAAAACGTGAGGCGCTGCTAT
mir-3074	-23.5	GATATCAGCTCAGTAGGCACCG
mir-30b	-23.3333333333333	CTGGGAGGTGGATGTTTACTTC
mir-744	-23	CTGTTGCCACTAACCTCAACCT
mir-100	-22.5714285714286	CAAGCTTGTATCTATAGGTATG
mir-92b	-22.5	AGGGACGGGACGCGGTGCAGTG
mir-99b	-22.0554225520709	CACCCGTAGAACCGACCTTGCG
mir-7977	-21.8571428571429	TTCCCAGCCAACGCACCA
mir-1468	-21.1678414936178	CTCCGTTTGCCTGTTTCGCTG
mir-149	-21.1428571428571	TCTGGCTCCGTGTCTTCACTCCC
mir-193a	-20.8333333333333	TGGGTCTTTGCGGGCGAGATGA
mir-34a	-20.7777777777778	CAATCAGCAAGTATACTGCCCT
mir-330	-20.3055555555556	TCTCTGGGCCTGTGTCTTAGGC
mir-18a	-20.2857142857143	ACTGCCCTAAGTGCTCCTTCTGG
mir-1307	-20.2767441860465	ACTCGGCGTGGCGTCGGTCGTG
mir-152	-20.0909090909091	AGGTTCTGTGATACACTCCGACT
mir-331	-19.6765676567657	GCCCCTGGGCCTATCCTAGAA
mir-346	-19.3571428571429	TGTCTGCCCGCATGCCTGCCTCT
mir-1260b	-18.6967213114754	ATCCCACCACTGCCACCAT
mir-874	-18.6	CGGCCCCACGCACCAGGGTAAGA
mir-484	-18.3617571059432	TCAGGCTCAGTCCCCTCCCGAT
mir-148a	-18.0688775510204	AAAGTTCTGAGACACTCCGACT
mir-365b	-18	AGGGACTTTCAGGGGCAGCTGT
mir-125a	-17.3636363636364	ACAGGTGAGGTTCTTGGGAGCC
mir-128-1//mir-128-2	-16.65	TCACAGTGAACCGGTCTCTTT
mir-106b	-16.4709821428571	CCGCACTGTGGGTACTTGCTGC
mir-22	-16.3529411764706	AGTTCTTCAGTGGCAAGCTTTA
mir-100	-16.0173976078289	AACCCGTAGATCCGAACTTGTG
mir-338	-16	AACAATATCCTGGTGCTGAGTG
mir-92a-1//mir-92a-2	-15.6061404779146	TATTGCACTTGTCCCGGCCTGT
mir-125b-1//mir-125b-2	-14.7957055214724	TCCCTGAGACCCTAACTTGTGA
mir-99b	-14.6578947368421	CAAGCTCGTGTCTGTGGGTCCG
mir-30c-2	-14.35	CTGGGAGAAGGCTGTTTACTCT
mir-224	-14.2336448598131	CAAGTCACTAGTGGTTCCGTT
mir-423	-14.1797124600639	TGAGGGGCAGAGAGCGAGACTTT
let-7c	-14.0405405405405	TGAGGTAGTAGGTTGTATGGTT
mir-3613	-13.9583333333333	ACAAAAAAAAAAGCCCAACCCTTC
mir-30d	-13.8133333333333	CTTTCAGTCAGATGTTTGCTGC
mir-210	-13.3673469387755	AGCCCCTGCCCACCGCACACTG
mir-1343	-13.3396226415094	CTCCTGGGGCCCGCACTCTCGC
mir-1306	-13.1975308641975	CCACCTCCCCTGCAAACGTCCA
mir-425	-13.0576923076923	ATCGGGAATGTCGTGTCCGCCC
let-7d	-12.8471337579618	CTATACGACCTGCTGCCTTTCT
mir-155	-12.6959225984796	TTAATGCTAATCGTGATAGGGGT
mir-1260a	-12.4968233799238	ATCCCACCTCTGCCACCA
mir-181a-1	-12.4833948339483	ACCATCGACCGTTGATTGTACC
mir-196b	-12.3333333333333	TCGACAGCACGACACTGCCTTC
mir-504	-12.2359550561798	AGACCCTGGTCTGCACTCTATC
mir-135a-1	-12.0625	TATAGGGATTGGAGCCGTGGCG
mir-15b	-12.0488549618321	TAGCAGCACATCATGGTTTACA
mir-331	-12.0106382978723	CTAGGTATGGTCCCAGGGATCC
mir-1249	-12	ACGCCCTTCCCCCCCTTCTTCA
mir-197	-11.9609375	TTCACCACCTTCTCCACCCAGC
mir-877	-11.9285714285714	GTAGAGGAGATGGCGCAGGG
mir-455	-11.70625	GCAGTCCATGGGCATATACAC
mir-361	-11.63	TCCCCCAGGTGTGATTCTGATTT
mir-324	-11.3478260869565	ACTGCCCCAGGTGCTGCTGG
mir-29a	-11.170987654321	TAGCACCATCTGAAATCGGTTA
mir-339	-11.131221719457	TCCCTGTCCTCCAGGAGCTCACG
mir-7-1//mir-7-2//mir-7-3	-11.0796460176991	TGGAAGACTAGTGATTTTGTTGT
mir-22	-11.062331514235	AAGCTGCCAGTTGAAGAACTGT
mir-340	-10.9722222222222	TCCGTCTCAGTTACTTTATAGC
mir-615	-10.9704433497537	TCCGAGCCTGGGTCTCCCTCTT
mir-505	-10.9411764705882	CGTCAACACTTGCTGGTTTCCT
let-7e	-10.8888888888889	CTATACGGCCTCCTAGCTTTCC
mir-186	-10.7058009855624	CAAAGAATTCTCCTTTTGGGCT
mir-15b	-10.6027397260274	CGAATCATTATTTGCTGCTCTA
mir-98	-10.5833333333333	CTATACAACTTACTACTTTCCC
mir-671	-10.5263157894737	AGGAAGCCCTGGAGGGGCTGGAG
mir-148b	-10.4736842105263	AAGTTCTGTTATACACTCAGGC
mir-3613	-2.50335570469799	TGTTGTACTTTTTTTTTTGTTC
mir-32	-2.5	TATTGCACATTACTAAGTTGCA
mir-194-1//mir-194-2	-2.5	TGTAACAGCAACTCCATGTGGA
mir-19a	-2.3859649122807	TGTGCAAATCTATGCAAAACTGA
mir-542	-2.36642156862745	TGTGACAGATTGATAACTGAAA
mir-210	-2.28700265251989	CTGTGCGTGTGACAGCGGCTGA
mir-545	-2.22222222222222	TCAGTAAATGTTTATTAGATGA
mir-378d-2//mir-378d-1	-2.18253968253968	ACTGGACTTGGAGTCAGAAA
mir-30e	-2.14666480602847	TGTAAACATCCTTGACTGGAAG
mir-362	-2.11111111111111	AATCCTTGGAACCTAGGTGTGAGT
mir-101-1//mir-101-2	-2.0785691472373	TACAGTACTGTGATAACTGAA
mir-196a-2	-2.05263157894737	CGGCAACAAGAAACTGCCTGAG
mir-4492	23.25	GGGGCTGGGCGCGCGCC
mir-410	15	AATATAACACAGATGGCCTGT
mir-4532	14.7142857142857	CCCCGGGGAGCCCGGCG
mir-381	10	TATACAAGGGCAAGCTCTCTGT
mir-127	8.66071428571429	TCGGATCCGTCTGAGCTTGGCT
mir-411	7.66666666666667	TAGTAGACCGTATAGCGTACG
mir-1246	6.23880597014925	AATGGATTTTTGGAGCAGG
mir-409	6	GAATGTTGCTCGGTGAACCCCT
mir-493	5	TTGTACATGGTAGGCTTTCATT
mir-4508	4.8	GCGGGGCTGGGCGCGCG
mir-143	4.54452926208651	TGAGATGAAGCACTGTAGCTC
mir-126	4.117	CATTATTACTTTTGGTACGCG
mir-1291	3.74683544303797	TGGCCCTGACTGAAGACCAGCAGT
mir-370	3	GCCTGCTGGGGTGGAACCTGGT
mir-136	2.66666666666667	CATCATCGTCTCAAATGAGTCT
mir-145	2.5	GGATTCCTGGAAATACTGTTCT
mir-211	2.5	TTCCCTTTGTCATCCTTCGCCT
mir-378h	2	ACTGGACTTGGTGTCAGATGG
mir-369	2	AGATCGACCGTGTTATATTCGC
mir-99a	2	CAAGCTCGCTTCTATGGGTCTG
mir-4485	2	TAACGGCCGCGGTACCCTAA
mir-654	2	TATGTCTGCTGACCATCACCTT
mir-499a	2	TTAAGACTTGCAGTGATGTTT
mir-7641-1//mir-7641-2	2	TTGATCTCGGAAGCTAAGC
mir-153-1//mir-153-2	2	TTGCATAGTCACAAAAGTGATC
